codigo;login;senha
1;lmontgomery0@dmoz.org;iodl65DoE4ZI
2;jperry1@google.it;78dSam0eN3
3;jharrison2@china.com.cn;UpkomZF
4;cgordon3@t-online.de;hNQ5xV
5;efisher4@marketwatch.com;3UJWmpK
6;mboyd5@salon.com;vRJnNmsjBxoP
7;abarnes6@moonfruit.com;zAbGW80hO2
8;marnold7@google.ca;EjbJjWWZCt
9;pgilbert8@acquirethisname.com;EPTFJ7
10;efox9@timesonline.co.uk;5skEzDoAbD
11;cdixona@nasa.gov;NMTi4F6bRSz
12;mgrahamb@ft.com;3yoB1n
13;spaynec@ehow.com;lkj5hCDS
14;jrosed@tinypic.com;TSYE2kIB6
15;ebishope@amazon.com;nraAKRsuVm1
16;dtuckerf@joomla.org;QAO67eMci
17;rcarrg@shutterfly.com;8lBlSgSigoR5
18;alaneh@mapquest.com;AgqdmftYySE
19;rcarteri@ox.ac.uk;4ElYFXjoYnX
20;hphillipsj@pcworld.com;OXfkdPhKENJ
21;mwardk@dailymotion.com;gWM4x4KBX
22;ppricel@1und1.de;kuXkrcg
23;pbaileym@ocn.ne.jp;jVQVmS
24;brichardsonn@g.co;aSuEKm
25;nbankso@google.co.uk;ubAgETLn64t
26;mtaylorp@illinois.edu;yq5okmb
27;gsimsq@pen.io;TwQPqX2mXc
28;jpattersonr@ovh.net;ocdJRj
29;criveras@meetup.com;34wHg8bxWc
30;jschmidtt@blog.com;7VeEJI35tj9X
31;aporteru@google.com.br;pmoiosJtL5
32;srodriguezv@homestead.com;xvXzMhtU
33;kandersonw@plala.or.jp;Op7j4pOR7
34;dmurphyx@wordpress.com;d7O2uaM3umO
35;aruizy@bloglines.com;KSxmKhJ2zRFI
36;bgonzalezz@marketwatch.com;yYcUGAURsxw
37;egraham10@indiatimes.com;o2b7D9
38;mhudson11@virginia.edu;fHnYiTHSt0
39;rflores12@dailymail.co.uk;NvTqg89xOwLN
40;ewright13@statcounter.com;rv1D79qED
41;alewis14@pagesperso-orange.fr;25vNJ6Mk
42;dwashington15@blogs.com;nGp1Ljvppz
43;sbrown16@i2i.jp;ApMMetG4
44;rporter17@ca.gov;9K5K55I8KOO8
45;wberry18@ebay.com;J5aAxnAtL43a
46;sgarrett19@com.com;gAkBO9
47;mbishop1a@delicious.com;RnS4lcIiIsiz
48;clee1b@wix.com;1Taaai2
49;lharvey1c@xing.com;eBFvJTJ1aWV
50;fhall1d@ycombinator.com;WuBvdH
51;jmcdonald1e@columbia.edu;MsAdyFCLLS
52;ajames1f@netvibes.com;E1MTiUYDWl4X
53;kowens1g@irs.gov;lf4MucglKO
54;eshaw1h@cafepress.com;MheAstoYw
55;ssnyder1i@nytimes.com;6RsEg284
56;lkelley1j@gravatar.com;LZ3JY0TM1
57;cfreeman1k@soundcloud.com;IKLrX54tc
58;creid1l@dmoz.org;ddlpsgeMhNNZ
59;vrichards1m@booking.com;qErF8b7VyPiH
60;kfrazier1n@mozilla.org;FSITNsG
61;jmorales1o@apple.com;EDtvHV0i
62;ddunn1p@state.gov;TB65Me8
63;amason1q@bluehost.com;t7Bmos
64;amorrison1r@diigo.com;XO90adU
65;mpowell1s@meetup.com;lp9L5WGh
66;sjenkins1t@ezinearticles.com;g4XfZq4cR
67;belliott1u@smh.com.au;MyHRnPZZxx
68;sgarza1v@squarespace.com;Z6mzsUqu
69;jmorris1w@artisteer.com;jmniBLm
70;swarren1x@opera.com;B4blik5
71;jnichols1y@tinyurl.com;uT2WOvQD
72;jshaw1z@woothemes.com;U05WPC9lt6YF
73;jcole20@gizmodo.com;KiOGLU70rjb
74;khenry21@adobe.com;yNq6lqtxBn
75;dpowell22@bloglovin.com;hYWWsl
76;bgilbert23@wikispaces.com;dmN40dpwBsP
77;ddavis24@adobe.com;FuHCCaBKv3y
78;breyes25@altervista.org;NLvTNoi4zP
79;jmiller26@t-online.de;Xf9q9zK
80;ladams27@marketwatch.com;NxMzRYx9kfqx
81;ccruz28@businesswire.com;Mqd860DPdlt
82;wbennett29@admin.ch;DGIQr0OdswM
83;dtucker2a@mozilla.org;TzXqyIgaZeQ8
84;mramirez2b@earthlink.net;bnPKNj3Yn0
85;ccox2c@baidu.com;U4Sh5CGc
86;cburke2d@jigsy.com;03P6Tup3auB
87;rgibson2e@hostgator.com;g7gjPmcvMLe
88;evasquez2f@blogger.com;KqEsa93J0
89;srobertson2g@zdnet.com;3SO4UckaNF
90;mberry2h@pinterest.com;NglpS22Add2X
91;cknight2i@icq.com;vcyvVYM
92;kcollins2j@home.pl;jo0SPmUnl7
93;ccollins2k@adobe.com;b87VM1sPH
94;brussell2l@odnoklassniki.ru;E60GxK0Ev
95;dmoore2m@engadget.com;M9hidicHlF9l
96;jriley2n@google.pl;OZU8MtO
97;rwright2o@netscape.com;d9DVezJKMzc6
98;cduncan2p@ycombinator.com;Mae6WlChv
99;snguyen2q@pbs.org;TEkYoZ8ee
100;pporter2r@mit.edu;k5dZHBVn
101;djames2s@bloomberg.com;BXGVzpFYjDLi
102;mgonzalez2t@list-manage.com;0b8XvsCY
103;kgomez2u@samsung.com;rHS7lqpv
104;klawson2v@sourceforge.net;CPa1l92aj3J
105;dnichols2w@mlb.com;T6EgpZID
106;jdaniels2x@acquirethisname.com;PEurDhG2
107;dpayne2y@cnn.com;CiDfxetSfJy9
108;bking2z@uiuc.edu;jpVselM
109;wgrant30@51.la;0X9YnkUf4YMq
110;ssanchez31@tuttocitta.it;FomZ9w
111;awells32@bbb.org;ovWL11mKz7
112;frogers33@etsy.com;onaSXrH
113;hbrown34@cmu.edu;JklCvaDy5hQ0
114;lmills35@hugedomains.com;3hxhBwd
115;rgreen36@xrea.com;h3Iw3kZ9w
116;knguyen37@360.cn;DVGimuiDaN
117;kalvarez38@addthis.com;oejuukbdCw
118;aperkins39@sciencedaily.com;iHJWpWtZ
119;dgray3a@netvibes.com;fyslHD
120;smartinez3b@loc.gov;qiqnHG3
121;slarson3c@yahoo.com;OQWTVm
122;lmason3d@ameblo.jp;dDGlYhJ
123;dcole3e@dedecms.com;SN0uHI7dKb
124;rfreeman3f@marketwatch.com;wYTlvYO
125;rhunt3g@dyndns.org;2yGYJUHlPkx
126;kray3h@e-recht24.de;GnlyortRF
127;fadams3i@cocolog-nifty.com;wz5IKX
128;dharvey3j@icio.us;BfLNQMw
129;cstanley3k@163.com;frfbW25pfh
130;bgordon3l@example.com;c9odezEcB
131;kparker3m@virginia.edu;mN6uOBR
132;kthomas3n@wikimedia.org;f3LyKzn
133;agonzales3o@amazon.com;pL0aWf
134;atorres3p@youtu.be;VjGhfApPo7O
135;vburke3q@xinhuanet.com;zEx4KmD5bPa
136;rboyd3r@census.gov;01n66pljGXan
137;lharrison3s@t-online.de;c22W1itMMBu6
138;ctorres3t@seattletimes.com;1uZvleMp2e
139;ahoward3u@edublogs.org;I9iSkh0NP95
140;rpowell3v@jimdo.com;ApjB7de
141;mspencer3w@nyu.edu;kAZUEeyxJl
142;smoreno3x@microsoft.com;8bsTpC
143;knelson3y@china.com.cn;ClulcL2eFtnh
144;agilbert3z@posterous.com;iQG20NwlZuS0
145;jhernandez40@ehow.com;pSuLtDYYirni
146;srodriguez41@symantec.com;jAlcegAmKR
147;emoreno42@dyndns.org;sg7GYwzP
148;elawrence43@oaic.gov.au;DuHSvEWU
149;mdunn44@barnesandnoble.com;bNLIZB0aJ
150;knelson45@wired.com;kohDumBQc
151;dwood46@macromedia.com;OQYlX9kXNHC
152;pkim47@blogs.com;Xj3rj4Rdutm
153;mmendoza48@moonfruit.com;mzRyID
154;jgray49@elegantthemes.com;RudxRV6
155;rgreen4a@abc.net.au;WDTEBjbI
156;sreynolds4b@merriam-webster.com;PJqqqGEpC
157;phamilton4c@archive.org;E4eUYe7C
158;kmorris4d@wp.com;2ZGhGv
159;rfrazier4e@homestead.com;SFcaUJpD7hh
160;aclark4f@dedecms.com;wfejmlA5
161;radams4g@hao123.com;E8AqqkW
162;dcooper4h@geocities.com;c7t9Jc4
163;spierce4i@dailymail.co.uk;G8moECytRAn2
164;lgeorge4j@senate.gov;EpMgyXdth
165;koliver4k@epa.gov;JWjXHwkZazek
166;mlane4l@toplist.cz;8gOgb6
167;lgonzalez4m@shutterfly.com;wLJHc5D
168;ejacobs4n@wufoo.com;9YXkefS6Z30o
169;jgeorge4o@princeton.edu;P7IYMWgZTpDz
170;sgutierrez4p@wikia.com;BiFDZIgMo5r
171;dbowman4q@youku.com;89idqZkE
172;sharris4r@goo.ne.jp;2IT3XZK
173;egilbert4s@networksolutions.com;FL1oyGGW
174;ewright4t@berkeley.edu;6HrG2xoPN89
175;jduncan4u@globo.com;E8e1WgD8
176;malexander4v@livejournal.com;6kMz2o
177;cortiz4w@webeden.co.uk;3131Mq0y7l
178;lfox4x@umich.edu;F38ShisWRrh7
179;jturner4y@dropbox.com;8PqHOrS
180;jmitchell4z@skyrock.com;m3c9zh
181;dbarnes50@unesco.org;GBtCjmzx3
182;jfuller51@telegraph.co.uk;BvFn0xWsYL2
183;cpowell52@blog.com;IlQGUTYZj6r
184;lsims53@behance.net;jxOnSw6MzX99
185;jbarnes54@biblegateway.com;RGI6cPcNvS
186;swarren55@taobao.com;UbMwytPys2F
187;ejacobs56@pcworld.com;PXL74KgPEn
188;drichards57@cnet.com;ohGk1dmfL
189;wscott58@fc2.com;0Xti7DApr3Jo
190;bsimpson59@xinhuanet.com;m8mazGD
191;acook5a@newsvine.com;9EoSoI7Zplbu
192;cshaw5b@woothemes.com;EWDmLgC
193;cwilliamson5c@people.com.cn;waIJtpqZj0s6
194;jchavez5d@goo.ne.jp;36ENtOF
195;gdunn5e@cornell.edu;IbA1vfeOMyt
196;vsims5f@stumbleupon.com;zIaAEU2
197;acampbell5g@so-net.ne.jp;Fz23Tc
198;jbishop5h@ning.com;uPOgAfdaeje
199;rmurphy5i@parallels.com;RYw93p
200;sbanks5j@cornell.edu;ZtBO7yQ
201;pgriffin5k@networksolutions.com;ZMOhf8b
202;smcdonald5l@intel.com;TgkeCtc2gTDz
203;agordon5m@elegantthemes.com;tXvdb0abDn
204;showell5n@japanpost.jp;FCS04cN3yl
205;tgardner5o@uiuc.edu;b7Up5EiJ
206;smason5p@boston.com;F8exej
207;ccooper5q@nymag.com;84BbRcPX
208;lsimpson5r@aol.com;XMG4wrp2uR
209;bsimpson5s@posterous.com;3sAkz7
210;bhayes5t@mozilla.com;CMQwtUhx77S
211;jperez5u@seattletimes.com;RfJVfJ
212;jwilliams5v@deliciousdays.com;LRqP7kbMKIsB
213;bwagner5w@nationalgeographic.com;HbrWJdogD6iZ
214;mcole5x@simplemachines.org;QzBZsVT1lcA9
215;ahicks5y@google.it;REM3A2DY
216;sprice5z@zimbio.com;frAzCcr5tx
217;awells60@wix.com;579fO5ar7m
218;jwashington61@dailymail.co.uk;IhZpYn4y
219;jholmes62@uiuc.edu;uZGk5LQAYtV
220;pstevens63@istockphoto.com;IZXwEzfUdYX
221;jreid64@shinystat.com;pcYNwTS2Em7E
222;crichards65@jugem.jp;MYABD9gsud4
223;glewis66@cocolog-nifty.com;aPA76Ph
224;jwalker67@dmoz.org;yIfEjAVj4wbS
225;cburke68@weather.com;6pGpQOMC6Tf
226;agonzalez69@ft.com;jRjwch
227;hkim6a@state.gov;AHaUbcAwkk
228;mellis6b@alibaba.com;14F1VGh3h8e
229;cgreen6c@about.me;8yq5OpZRlB7k
230;dsanchez6d@webs.com;zfrm3Uf
231;hshaw6e@a8.net;keetFc
232;snguyen6f@accuweather.com;HJOZQ0bhya
233;lallen6g@zdnet.com;i06DRnaXa6cG
234;hsullivan6h@slate.com;TuHA3Kha2x
235;rford6i@google.nl;DZA0YZnn
236;rfranklin6j@cargocollective.com;oMnGPTh
237;cpowell6k@nih.gov;6EqV6XlnyCH
238;ckennedy6l@mapy.cz;40ERoSSuk71L
239;jcunningham6m@businessinsider.com;SVfLoE
240;ddaniels6n@delicious.com;E74AyqP02CLh
241;jreed6o@uiuc.edu;JCyacfQp1zm
242;ajackson6p@webnode.com;BVFSZI
243;jolson6q@icio.us;vIgxknOJ41Z1
244;jsullivan6r@infoseek.co.jp;3Kjl6JHdZl
245;aarmstrong6s@ow.ly;wdY991yXKUZ
246;plittle6t@huffingtonpost.com;nnR8FRPdG9aj
247;dbryant6u@scientificamerican.com;7CdT2KMl0
248;rriley6v@amazon.de;qxzvOtufqKUQ
249;aford6w@stumbleupon.com;kcEP7ChXAeqd
250;mphillips6x@ucoz.com;qiLNPr1ItWJ
251;bhughes6y@mashable.com;byp7RrpLE
252;sfernandez6z@wisc.edu;hXR6UCsfb
253;hdean70@mediafire.com;NjXdDhv1
254;rgriffin71@wsj.com;PQJ14zj3L
255;pporter72@prlog.org;V6uyogs0Bq
256;jowens73@exblog.jp;ZXUdFpFszB
257;jpeters74@taobao.com;Qc789Bn9s
258;wprice75@who.int;vnYJsb
259;dbradley76@phpbb.com;IXX7TPBBGd2
260;fstephens77@senate.gov;gGM7FC8Key
261;blee78@china.com.cn;e4D4x2IwBL
262;sdean79@amazon.co.jp;ttJ3TfMQo6
263;eanderson7a@nature.com;owPf5gi8OR0C
264;jward7b@who.int;owVuyvvynto
265;rwood7c@ask.com;gcOi1gSKJWL2
266;twilson7d@prnewswire.com;Os2PrV
267;kwallace7e@aboutads.info;hMs31x6Hn
268;kflores7f@mapquest.com;yAnCq9xaiS5
269;jhawkins7g@youku.com;3bFSuFXjnb
270;mdiaz7h@plala.or.jp;suyjjZbFti
271;msimmons7i@nhs.uk;AWYets0wikt
272;ctaylor7j@netscape.com;maFltW
273;blong7k@globo.com;8SC0HUb3MI
274;mnguyen7l@qq.com;t40x58
275;ascott7m@ezinearticles.com;OWCW0u6LXMR
276;gthompson7n@discuz.net;Pr1O9009lS
277;rarmstrong7o@tripadvisor.com;oCE2shwRRwiK
278;lfisher7p@xing.com;AVJicHJX
279;kward7q@ameblo.jp;VBlvp1di6HcA
280;scook7r@canalblog.com;3AKEiRKZ4ExE
281;lriley7s@amazon.co.uk;1X78WugelL
282;csanchez7t@disqus.com;WpQmG79Ka0U
283;lgarcia7u@go.com;s6Cn7co
284;rharvey7v@livejournal.com;wibx9Gf8HW
285;dcampbell7w@pcworld.com;NhJXqhtUr
286;jsimmons7x@psu.edu;VkaqFm
287;rtorres7y@weather.com;P0eI0sM6KMo
288;gday7z@wikimedia.org;BLrwPCO
289;jjones80@behance.net;Qi5WJPy2Asq
290;dwalker81@ycombinator.com;Fu5PPadiPyTQ
291;lkim82@samsung.com;iTURWW94j
292;jwest83@cbslocal.com;sOpqf7DxYa1J
293;lcunningham84@xinhuanet.com;D8A6GGgwt
294;vrogers85@youku.com;qKGVFb
295;aramirez86@homestead.com;SQ78D7BgyoBp
296;rjordan87@spiegel.de;prx1VDqiGq7
297;dpatterson88@gizmodo.com;hHBzimU4LB
298;hthomas89@posterous.com;4LureuQD
299;janderson8a@alibaba.com;1EVfvn
300;rlarson8b@howstuffworks.com;cBjQldD
301;krivera8c@studiopress.com;JsJFEiFW
302;llawrence8d@unicef.org;dEyVpmO
303;pgarrett8e@buzzfeed.com;4VjZdB
304;mflores8f@xing.com;9lvkbMPmm
305;jreed8g@oaic.gov.au;cKP6Zh802m
306;eturner8h@arizona.edu;1e4uApP
307;rbennett8i@wordpress.org;jroMiZPudh
308;knguyen8j@washington.edu;H3x0Fr
309;jharris8k@netscape.com;RiRoksfL
310;ahart8l@liveinternet.ru;qzme3QR594
311;rcox8m@admin.ch;sBbzt2bPIAuv
312;thowell8n@phoca.cz;4304IMp02Q
313;alarson8o@ebay.co.uk;o3IzZN
314;jellis8p@typepad.com;agcIoDpSgrX
315;ncarroll8q@reference.com;jMU38H
316;hgarcia8r@google.pl;pNAw8LZys
317;spowell8s@rambler.ru;MYbticEQp
318;jwelch8t@dailymail.co.uk;jQJO4YQFX3
319;jcollins8u@stanford.edu;QZ0SvVkoM4J
320;rarnold8v@census.gov;MIcgmQY4CD
321;dlawrence8w@joomla.org;D2WkGEQ9VKP
322;jlee8x@infoseek.co.jp;iGUENMZE
323;mford8y@reference.com;s4akT2
324;rjohnston8z@mozilla.org;dAGwWiBFQNlp
325;amills90@ask.com;7Dm8Yjo
326;baustin91@google.es;oHRvR4
327;pgreene92@toplist.cz;V6wsbqFAW
328;bcooper93@sina.com.cn;JI5dq5HbY2xw
329;pmontgomery94@shop-pro.jp;QUeqckaOFfM
330;sfrazier95@businesswire.com;3Od2f4D129pw
331;wsmith96@ca.gov;nmYgn9ddUQEq
332;rdavis97@cnbc.com;dKo7J90wd5jq
333;mhunter98@stumbleupon.com;s8McEF2rC
334;jolson99@gizmodo.com;0u4OpHcN
335;nclark9a@yellowpages.com;xrVRkVP
336;lmatthews9b@google.it;wE7f8pany5lz
337;djackson9c@vk.com;Z8Xthj
338;jsimmons9d@storify.com;QW8MKiAIi
339;jbarnes9e@nifty.com;T9aHh2FvtM
340;rdean9f@umn.edu;a783A0TGOQMi
341;hbailey9g@cocolog-nifty.com;EfpMsUf0
342;jhanson9h@unicef.org;gxy664kES7
343;amedina9i@marriott.com;vqMhSxvfg
344;mferguson9j@ft.com;y14KvcGsG
345;lcrawford9k@businessinsider.com;kWbSpYJe
346;lreid9l@yahoo.com;eTKVbT226S
347;twagner9m@amazon.com;bQN2iwX8ZZ
348;kfields9n@state.tx.us;8bHAMdavD
349;sking9o@soundcloud.com;ozAdB2SZ6u9h
350;agonzalez9p@exblog.jp;6j337Z9yt
351;awatkins9q@umich.edu;2FNJVWUMXvn
352;mgray9r@japanpost.jp;7prjkX8OWt
353;tlee9s@fema.gov;arC3PhzZ
354;jlopez9t@edublogs.org;RCzmw8m
355;alee9u@rediff.com;2zvfruAg7k
356;wjames9v@usnews.com;Cxs0pjxGil6n
357;jjacobs9w@wikipedia.org;BVzNxy4
358;bbaker9x@chron.com;IrYqJb7yKD
359;kjones9y@51.la;aJdju6q
360;dlewis9z@so-net.ne.jp;JX4SNJnY
361;mmoorea0@bigcartel.com;KgiCQYS
362;mhalla1@odnoklassniki.ru;bXDyFNcfeu
363;psnydera2@xinhuanet.com;KAvkuNbKuA
364;dedwardsa3@elegantthemes.com;3tNxhC
365;kcoxa4@ovh.net;pWHnoA4xSwRm
366;ljamesa5@ameblo.jp;c7svn04a8
367;hlawrencea6@dailymotion.com;ftWPDe
368;wgutierreza7@salon.com;KzCs3yGPJ
369;bdixona8@weibo.com;F7eCp4UcfI
370;asancheza9@forbes.com;LVhWee
371;awagneraa@slashdot.org;ESQg4bmlr63s
372;jspencerab@soundcloud.com;95Essth3Eba
373;vdiazac@meetup.com;sPdjCUQuXy
374;eshawad@altervista.org;gP6QN9cEUvo
375;hhernandezae@newsvine.com;ENdQZ8cGTqr
376;jwelchaf@tuttocitta.it;8G5qSe3ezJ
377;phicksag@prweb.com;gTu6oQmChGW
378;swarrenah@opensource.org;naypEwr
379;lcruzai@noaa.gov;GGnIr7F
380;salvarezaj@cornell.edu;kfjQmDdGNU
381;nhudsonak@google.fr;GdOuXXbkk
382;sbutleral@cmu.edu;2ew5ydh22
383;dlawrenceam@china.com.cn;qRQTM3Kxn
384;jboydan@reference.com;p4KLlvxky
385;sharrisao@domainmarket.com;k1OLVSoeB
386;vjacksonap@infoseek.co.jp;JLfGfXS
387;pgarciaaq@reuters.com;y2wjXC2e8R90
388;hnicholsar@mapquest.com;FTijzkptB
389;mwheeleras@google.es;ygLVTlbh
390;krossat@ustream.tv;DZGSmIC5S
391;bbellau@shareasale.com;mTy6st7V1d
392;jschmidtav@studiopress.com;mest1O1GI
393;mjordanaw@furl.net;s8dyMy9N
394;ksullivanax@google.ru;UNtQCBifk
395;dwebbay@yahoo.com;DJoRQf1d6u
396;gnelsonaz@spotify.com;9YV3mHAhWR
397;bevansb0@hexun.com;pwLLvmB
398;kramosb1@patch.com;6z9lDIa2iSOS
399;jfoxb2@360.cn;doJ61kZDE6W
400;ehunterb3@booking.com;A9ZovX7Ebt
401;rgarrettb4@bigcartel.com;eDZtGyLLR
402;ldavisb5@geocities.jp;URNvMn
403;tkimb6@netlog.com;OKDqtaM8A
404;jfowlerb7@ebay.com;NungY70MG
405;rfullerb8@elegantthemes.com;fGA2y9OL
406;aellisb9@google.com.br;LYJ8MoEkH
407;cbowmanba@goodreads.com;a1jdgnTZ0VmR
408;mbennettbb@washingtonpost.com;OWnl7v
409;srichardsonbc@imageshack.us;8PAtiDm0zOxR
410;djacksonbd@addtoany.com;cjHkPKS7FS3T
411;rfergusonbe@printfriendly.com;dQBdf9z
412;psullivanbf@w3.org;1NGGa6ri
413;rcruzbg@si.edu;9QDTKjhQ
414;mcolemanbh@comsenz.com;DMT6BcrjOrH
415;jedwardsbi@ft.com;yzRhHMO
416;fcrawfordbj@typepad.com;UPR1Fb4QvLf
417;eramosbk@unesco.org;upth2s
418;lcookbl@instagram.com;wN4HrzNvpjP
419;mfergusonbm@gov.uk;sCSKq5nb6
420;agomezbn@latimes.com;14Nj4nSv9zy2
421;amorrisonbo@clickbank.net;45sF84ZU
422;klittlebp@canalblog.com;X0bRrs1X
423;sgarrettbq@buzzfeed.com;n0JOKKh
424;agrantbr@amazon.co.uk;ZWpdhciY
425;mgonzalesbs@ovh.net;2eky0HGykn26
426;wfieldsbt@ucoz.ru;tvYgx69iMew
427;jandrewsbu@elpais.com;pcLJ5MEg8uA
428;jpiercebv@bloomberg.com;7UTZDXCNE
429;rjordanbw@arizona.edu;5kuWtWZ4ZX
430;dnelsonbx@etsy.com;X2ptOKu2UMCq
431;mwilliamsonby@bravesites.com;o51JPcsU
432;sgrahambz@goo.ne.jp;aogjfMLpJV
433;grossc0@hugedomains.com;2BFlmac
434;vdeanc1@delicious.com;UdEnSvN5xTfs
435;bromeroc2@comsenz.com;fs9ULaQkTvh
436;hmoralesc3@imdb.com;rtIRJ0
437;storresc4@hc360.com;wAcS9A
438;jlarsonc5@twitpic.com;rxlRcl
439;knelsonc6@cisco.com;zRqBJS1p
440;pryanc7@marriott.com;C2WFmMUYvw
441;jbanksc8@house.gov;df3OtNJb3vpR
442;cmurphyc9@google.pl;zrsIwiVpbsWP
443;wwoodsca@marriott.com;lLmo5jSxdIk
444;edeancb@java.com;01LTpk4rT
445;tmcdonaldcc@dropbox.com;J9yP3a8IFkLG
446;lharveycd@go.com;6fHaVSQ
447;hbennettce@ameblo.jp;uoe8It
448;agomezcf@dell.com;b9NqfMU
449;sjonescg@google.com.br;TnbgkNyw
450;wfisherch@networkadvertising.org;SSYAhY
451;chartci@netscape.com;WiTINIoLjm
452;dharrisoncj@ovh.net;F60YjssfOV
453;knguyenck@nyu.edu;a8s9JDls3N
454;lcoopercl@mapy.cz;F8iUMhN
455;jparkercm@com.com;1f5I13bwpD
456;jburkecn@indiegogo.com;a2f2qz0
457;kbryantco@miitbeian.gov.cn;fIOGns2C3hu
458;jknightcp@booking.com;bGTOANhx732
459;bshawcq@buzzfeed.com;SzJu5x9sIW1h
460;ejacobscr@addtoany.com;MKkzoktbFlm
461;lsmithcs@cam.ac.uk;sBLgte
462;hpetersct@dailymail.co.uk;quvhaQTfodDe
463;rcookcu@sphinn.com;l864b5KNiA
464;mraycv@comcast.net;4s0xDYIFl83
465;pjordancw@wufoo.com;VahBPCpiYdv
466;mwarrencx@qq.com;sW5w1G51
467;hpetersoncy@google.nl;NA4T1Q
468;rrileycz@ca.gov;0Av5g1eV
469;hwilliamsd0@columbia.edu;ZTEQK4DayP
470;pdeand1@digg.com;9ANucQbwpr
471;lmorrisd2@opera.com;I0lWDeGU8
472;farmstrongd3@jalbum.net;PyK4lK
473;jpattersond4@nps.gov;vw8VSt
474;shansond5@dailymail.co.uk;I5zfo7sDNG2
475;eruizd6@google.com.hk;o7Pyrt
476;dyoungd7@oracle.com;nxlJE0iTY8mw
477;kfergusond8@examiner.com;9HR3bpl3hyJf
478;kgutierrezd9@cnn.com;1emIeQGCb9J
479;pfullerda@ox.ac.uk;4Eh8MybRZNPg
480;dreyesdb@biblegateway.com;iyzo80sIe
481;cbrooksdc@google.nl;sRWeqdxaUMn
482;wcarpenterdd@bigcartel.com;lOWbiRUwZ
483;showellde@shutterfly.com;BWj319DagrU8
484;isimsdf@cdbaby.com;tVzofDSMUn5B
485;wwhitedg@craigslist.org;vOYrnmJ2HS7E
486;mdanielsdh@nifty.com;ykn2Et6
487;mcarpenterdi@shutterfly.com;tlbSuA
488;cwallacedj@themeforest.net;P1CBL3l9e8
489;bphillipsdk@de.vu;GuYSRb
490;prossdl@dion.ne.jp;7dVVXUK8u
491;twatsondm@cdbaby.com;ltFWB68I
492;jcoledn@accuweather.com;7swnmel
493;slewisdo@nsw.gov.au;3HIIegpsJJvi
494;jreynoldsdp@vinaora.com;IPAXIq
495;hknightdq@chron.com;HOnHWDp
496;vphillipsdr@shinystat.com;jCHfBSBBYSV
497;coliverds@google.com;TOQN4N0iB
498;bhendersondt@bloglovin.com;s6yafci0WaUt
499;jortizdu@friendfeed.com;AMOwXmw
500;srichardsondv@dyndns.org;fCsTe1y
